{"BEBOP":{"1":0.13006756756756757,"2":0.13935810810810811,"3":0.09966216216216216,"4":0.0777027027027027,"5":0.06672297297297297,"6":0.056587837837837836,"7":0.05574324324324324,"8":0.052364864864864864,"9":0.04391891891891892,"10":0.03547297297297297,"11":0.037162162162162164,"12":0.03209459459459459,"13":0.022804054054054054,"14":0.017736486486486486,"15":0.015202702702702704,"16":0.016047297297297296,"17":0.016047297297297296,"18":0.01097972972972973,"19":0.010135135135135136,"20":0.011824324324324325,"21":0.007601351351351352,"22":0.005067567567567568,"23":0.0059121621621621625,"24":0.0016891891891891893,"25":0.004222972972972973,"26":0.0033783783783783786,"27":0.004222972972972973,"28":0.004222972972972973,"29":0.004222972972972973,"30":8.445945945945946E-4,"32":0.0016891891891891893,"33":0.002533783783783784,"34":8.445945945945946E-4,"36":8.445945945945946E-4,"37":8.445945945945946E-4,"38":8.445945945945946E-4,"47":8.445945945945946E-4,"49":8.445945945945946E-4,"51":8.445945945945946E-4,"56":8.445945945945946E-4},"FUSION":{"1":0.15122873345935728,"2":0.1720226843100189,"3":0.12476370510396975,"4":0.09829867674858223,"68":0.001890359168241966,"5":0.05671077504725898,"6":0.0661625708884688,"7":0.054820415879017016,"8":0.035916824196597356,"9":0.043478260869565216,"10":0.03780718336483932,"74":0.001890359168241966,"11":0.022684310018903593,"12":0.015122873345935728,"13":0.015122873345935728,"14":0.013232514177693762,"15":0.013232514177693762,"16":0.015122873345935728,"18":0.005671077504725898,"19":0.001890359168241966,"21":0.001890359168241966,"22":0.007561436672967864,"23":0.001890359168241966,"24":0.003780718336483932,"25":0.001890359168241966,"26":0.003780718336483932,"28":0.001890359168241966,"29":0.001890359168241966,"30":0.003780718336483932,"31":0.001890359168241966,"32":0.001890359168241966,"34":0.001890359168241966,"35":0.001890359168241966,"36":0.003780718336483932,"42":0.001890359168241966,"45":0.001890359168241966,"46":0.001890359168241966,"48":0.001890359168241966,"53":0.001890359168241966,"57":0.001890359168241966,"60":0.001890359168241966},"SWING":{"1":0.16148648648648647,"2":0.14121621621621622,"3":0.11081081081081082,"4":0.08986486486486486,"5":0.0777027027027027,"6":0.08513513513513514,"7":0.06013513513513514,"8":0.052702702702702706,"9":0.03986486486486487,"10":0.03310810810810811,"11":0.026351351351351353,"12":0.016891891891891893,"13":0.016891891891891893,"14":0.016891891891891893,"15":0.012162162162162163,"16":0.008783783783783784,"17":0.006756756756756757,"18":0.00472972972972973,"19":0.002702702702702703,"20":0.007432432432432433,"21":0.004054054054054054,"22":0.004054054054054054,"23":0.0033783783783783786,"24":0.0033783783783783786,"25":0.0013513513513513514,"26":0.0013513513513513514,"27":0.002702702702702703,"28":6.756756756756757E-4,"29":0.0013513513513513514,"30":6.756756756756757E-4,"31":6.756756756756757E-4,"34":6.756756756756757E-4,"36":0.002702702702702703,"37":6.756756756756757E-4,"41":6.756756756756757E-4},"COOL":{"1":0.15966386554621848,"2":0.1350140056022409,"3":0.13893557422969188,"4":0.10980392156862745,"68":5.602240896358543E-4,"5":0.07338935574229692,"6":0.07394957983193277,"7":0.05266106442577031,"8":0.03417366946778711,"9":0.020168067226890758,"10":0.03081232492997199,"11":0.023529411764705882,"12":0.020168067226890758,"13":0.01680672268907563,"14":0.017366946778711485,"15":0.014005602240896359,"16":0.01568627450980392,"17":0.010084033613445379,"18":0.0067226890756302525,"19":0.004481792717086834,"20":0.0028011204481792717,"21":0.005042016806722689,"22":0.0056022408963585435,"23":0.005042016806722689,"24":0.0016806722689075631,"25":0.004481792717086834,"26":0.0028011204481792717,"27":0.0028011204481792717,"28":0.002240896358543417,"29":0.0011204481792717086,"30":0.0016806722689075631,"31":0.0011204481792717086,"32":5.602240896358543E-4,"33":0.0016806722689075631,"34":0.0011204481792717086,"36":5.602240896358543E-4,"47":5.602240896358543E-4,"57":5.602240896358543E-4,"61":5.602240896358543E-4},"HARDBOP":{"1":0.15608856088560885,"2":0.13948339483394834,"3":0.1007380073800738,"4":0.0952029520295203,"5":0.08523985239852398,"6":0.06199261992619926,"7":0.055350553505535055,"8":0.04907749077490775,"9":0.03357933579335794,"10":0.03025830258302583,"11":0.022509225092250923,"12":0.020664206642066422,"13":0.021771217712177122,"14":0.014391143911439114,"15":0.01992619926199262,"16":0.01107011070110701,"17":0.00922509225092251,"18":0.010332103321033211,"19":0.005535055350553505,"20":0.007011070110701107,"21":0.006642066420664207,"22":0.004797047970479705,"23":0.004797047970479705,"24":0.004059040590405904,"25":0.002952029520295203,"26":0.0033210332103321034,"27":0.002952029520295203,"28":0.002214022140221402,"29":0.001107011070110701,"30":0.0025830258302583027,"31":0.0033210332103321034,"32":7.380073800738007E-4,"33":0.001107011070110701,"34":7.380073800738007E-4,"35":7.380073800738007E-4,"36":7.380073800738007E-4,"37":7.380073800738007E-4,"38":0.0014760147601476014,"39":0.001107011070110701,"40":0.001107011070110701,"41":3.6900369003690036E-4,"42":7.380073800738007E-4,"43":3.6900369003690036E-4,"44":3.6900369003690036E-4,"45":3.6900369003690036E-4,"46":3.6900369003690036E-4,"52":3.6900369003690036E-4,"58":3.6900369003690036E-4},"POSTBOP":{"1":0.17269196295189723,"2":0.17448461308634597,"3":0.11711980878398566,"4":0.089632506722438,"5":0.06827009262025695,"6":0.059306841948013146,"7":0.04541380340603526,"8":0.03361219002091425,"9":0.029279952195996415,"10":0.027039139527935463,"11":0.021959964146997312,"12":0.020764864057364805,"13":0.017777113833283537,"14":0.01568568867642665,"15":0.01434120107559008,"16":0.011353450851508814,"17":0.010008963250672244,"18":0.011353450851508814,"19":0.006124887959366597,"20":0.005975500448162534,"21":0.005079175380938153,"22":0.006423662981774723,"23":0.004631012847325963,"24":0.0028383627128772035,"25":0.0032865252464893933,"26":0.0023902001792650133,"27":0.00268897520167314,"28":0.00313713773528533,"29":0.002091425156856887,"30":0.002091425156856887,"31":0.0019420376456528235,"32":0.00134448760083657,"33":0.0016432626232446967,"34":0.0010457125784284435,"35":7.469375560203167E-4,"36":0.0010457125784284435,"37":7.469375560203167E-4,"38":2.9877502240812666E-4,"39":4.4816253361219E-4,"40":1.4938751120406333E-4,"41":1.4938751120406333E-4,"42":4.4816253361219E-4,"43":4.4816253361219E-4,"44":2.9877502240812666E-4,"45":4.4816253361219E-4,"46":2.9877502240812666E-4,"48":4.4816253361219E-4,"49":1.4938751120406333E-4,"52":1.4938751120406333E-4,"56":1.4938751120406333E-4,"67":1.4938751120406333E-4,"69":1.4938751120406333E-4,"70":1.4938751120406333E-4,"80":1.4938751120406333E-4,"102":1.4938751120406333E-4},"FREE":{"1":0.19382022471910113,"2":0.15730337078651685,"3":0.14325842696629212,"4":0.10393258426966293,"5":0.0702247191011236,"6":0.08707865168539326,"7":0.06460674157303371,"8":0.02247191011235955,"9":0.033707865168539325,"10":0.025280898876404494,"11":0.016853932584269662,"12":0.02247191011235955,"13":0.02247191011235955,"14":0.008426966292134831,"15":0.0028089887640449437,"16":0.0028089887640449437,"17":0.0028089887640449437,"18":0.0028089887640449437,"20":0.0028089887640449437,"21":0.0028089887640449437,"22":0.0028089887640449437,"23":0.008426966292134831},"TRADITIONAL":{"1":0.18454935622317598,"2":0.11158798283261803,"3":0.1223175965665236,"4":0.13090128755364808,"5":0.07081545064377683,"6":0.0815450643776824,"7":0.07939914163090128,"8":0.04291845493562232,"9":0.034334763948497854,"10":0.02145922746781116,"11":0.017167381974248927,"12":0.017167381974248927,"13":0.015021459227467811,"14":0.019313304721030045,"15":0.017167381974248927,"16":0.004291845493562232,"17":0.002145922746781116,"18":0.008583690987124463,"19":0.002145922746781116,"22":0.002145922746781116,"23":0.002145922746781116,"24":0.002145922746781116,"26":0.002145922746781116,"30":0.002145922746781116,"31":0.004291845493562232,"53":0.002145922746781116}}