{"BEBOP":{"1":0.5192472198460223,"2":0.1924721984602224,"3":0.1086398631308811,"4":0.06330196749358426,"5":0.06330196749358426,"6":0.030795551753635585,"7":0.00855431993156544,"8":0.00427715996578272,"9":0.003421727972626176,"10":8.55431993156544E-4,"13":0.001710863986313088,"14":0.001710863986313088,"16":8.55431993156544E-4,"23":8.55431993156544E-4},"FUSION":{"1":0.5248091603053435,"2":0.1946564885496183,"3":0.08778625954198473,"19":0.0019083969465648854,"4":0.05534351145038168,"5":0.04389312977099236,"6":0.04198473282442748,"7":0.019083969465648856,"8":0.019083969465648856,"9":0.009541984732824428,"11":0.0019083969465648854},"SWING":{"1":0.5775803144224196,"2":0.21804511278195488,"3":0.10457963089542037,"4":0.05673274094326726,"5":0.0177717019822283,"6":0.012987012987012988,"7":0.004101161995898838,"8":6.83526999316473E-4,"9":0.002050580997949419,"10":0.001367053998632946,"11":0.001367053998632946,"14":0.001367053998632946,"15":6.83526999316473E-4,"18":6.83526999316473E-4},"COOL":{"1":0.4858757062146893,"2":0.19717514124293786,"3":0.12994350282485875,"4":0.0903954802259887,"5":0.0480225988700565,"6":0.024858757062146894,"7":0.014689265536723164,"8":0.003389830508474576,"9":0.0022598870056497176,"10":5.649717514124294E-4,"11":0.0011299435028248588,"12":0.0011299435028248588,"16":5.649717514124294E-4},"HARDBOP":{"1":0.4972087830294008,"2":0.22553033122441385,"3":0.12132489765537774,"4":0.06587272050614068,"5":0.042798660215854115,"6":0.02381838481577968,"7":0.012653516933382954,"8":0.005582433941198363,"9":0.0018608113137327876,"10":0.0011164867882396724,"11":7.44324525493115E-4,"12":7.44324525493115E-4,"13":3.721622627465575E-4,"15":3.721622627465575E-4},"POSTBOP":{"1":0.48753379393211177,"2":0.22604385701411836,"3":0.12376088915590268,"4":0.06338239711625113,"5":0.03739861820366477,"6":0.024181435866626615,"7":0.013517572844698107,"8":0.0063082006608591165,"9":0.005106638630219285,"10":0.0019525382997897267,"11":0.0021027335536197055,"12":0.0022529288074496848,"13":0.0010513667768098527,"14":0.0012015620306398318,"15":7.509762691498949E-4,"16":6.007810153199159E-4,"17":4.505857614899369E-4,"18":3.0039050765995795E-4,"19":1.5019525382997898E-4,"20":1.5019525382997898E-4,"21":3.0039050765995795E-4,"24":3.0039050765995795E-4,"25":1.5019525382997898E-4,"27":3.0039050765995795E-4,"28":1.5019525382997898E-4,"29":1.5019525382997898E-4,"30":1.5019525382997898E-4,"32":1.5019525382997898E-4,"46":1.5019525382997898E-4},"FREE":{"1":0.42776203966005666,"2":0.20113314447592068,"3":0.13031161473087818,"4":0.0906515580736544,"5":0.0764872521246459,"6":0.036827195467422094,"7":0.019830028328611898,"8":0.0056657223796034,"9":0.0056657223796034,"14":0.0056657223796034},"TRADITIONAL":{"1":0.6157205240174672,"2":0.2336244541484716,"18":0.002183406113537118,"3":0.07641921397379912,"4":0.04148471615720524,"5":0.004366812227074236,"6":0.017467248908296942,"7":0.002183406113537118,"8":0.004366812227074236,"9":0.002183406113537118}}