{"BEBOP":{"REST":0.7321428571428572,"PHRASE":0.26785714285714285},"FUSION":{"REST":0.75,"PHRASE":0.25},"SWING":{"REST":0.7424242424242424,"PHRASE":0.25757575757575757},"COOL":{"REST":0.7222222222222222,"PHRASE":0.2777777777777778},"HARDBOP":{"REST":0.6973684210526316,"PHRASE":0.3026315789473684},"POSTBOP":{"REST":0.7551020408163265,"PHRASE":0.24489795918367346},"FREE":{"REST":0.4,"PHRASE":0.6},"TRADITIONAL":{"REST":0.75,"PHRASE":0.25}}